hola	hello
adiós	goodbye
gracias	thank you
por favor	please
lo siento	I'm sorry
el agua	water
la casa	house
el perro	dog
el gato	cat
el libro	book
la mesa	table
la silla	chair
la puerta	door
la ventana	window
el coche	car
el tren	train
el avión	plane
la ciudad	city
el pueblo	village
la calle	street
el país	country
el mundo	world
el día	day
la noche	night
la mañana	morning
la tarde	afternoon
la semana	week
el mes	month
el año	year
la hora	hour
el tiempo	time
hoy	today
mañana	tomorrow
ayer	yesterday
siempre	always
nunca	never
a veces	sometimes
ahora	now
después	after
antes	before
aquí	here
allí	there
cerca	near
lejos	far
el hombre	man
la mujer	woman
el niño	child
la niña	girl
el amigo	friend
la familia	family
la madre	mother
el padre	father
el hermano	brother
la hermana	sister
el hijo	son
la hija	daughter
el trabajo	job
la escuela	school
el dinero	money
la comida	food
el pan	bread
la leche	milk
el café	coffee
el vino	wine
la cerveza	beer
la manzana	apple
el queso	cheese
el huevo	egg
la carne	meat
el pescado	fish
el pollo	chicken
el arroz	rice
la fruta	fruit
la verdura	vegetable
el desayuno	breakfast
el almuerzo	lunch
la cena	dinner
el sol	sun
la luna	moon
la lluvia	rain
la nieve	snow
el viento	wind
el mar	sea
la playa	beach
la montaña	mountain
el río	river
el árbol	tree
la flor	flower
el cielo	sky
el corazón	heart
la cabeza	head
la mano	hand
el ojo	eye
la boca	mouth
el pie	foot
el cuerpo	body
la ropa	clothes
los zapatos	shoes
la camisa	shirt
el teléfono	phone
la llave	key
la cama	bed
la cocina	kitchen
el baño	bathroom
el jardín	garden
la tienda	shop
el mercado	market
la iglesia	church
el parque	park
la pregunta	question
la respuesta	answer
la palabra	word
el idioma	language
la vida	life
el amor	love
la música	music
la película	film
el juego	game
la fiesta	party
el viaje	trip
el cumpleaños	birthday
la verdad	truth
la historia	story
el lunes	Monday
el martes	Tuesday
el miércoles	Wednesday
el jueves	Thursday
el viernes	Friday
el sábado	Saturday
el domingo	Sunday
uno	one
dos	two
tres	three
cuatro	four
cinco	five
seis	six
siete	seven
ocho	eight
nueve	nine
diez	ten
cien	hundred
mil	thousand
rojo	red
azul	blue
verde	green
amarillo	yellow
negro	black
blanco	white
grande	big
pequeño	small
nuevo	new
viejo	old
bueno	good
malo	bad
bonito	pretty
feo	ugly
caliente	hot
frío	cold
rápido	fast
lento	slow
fácil	easy
difícil	difficult
feliz	happy
triste	sad
cansado	tired
enfermo	sick
rico	rich
pobre	poor
largo	long
corto	short
alto	tall
bajo	low
lleno	full
vacío	empty
abierto	open
cerrado	closed
limpio	clean
sucio	dirty
barato	cheap
caro	expensive
muy	very
mucho	a lot
poco	a little
más	more
menos	less
también	also
pero	but
porque	because
con	with
sin	without
¿qué?	what?
¿quién?	who?
¿dónde?	where?
¿cuándo?	when?
¿por qué?	why?
¿cómo?	how?
¿cuánto?	how much?
ser	to be (permanent)
estar	to be (temporary)
tener	to have
hacer	to do, to make
ir	to go
venir	to come
ver	to see
mirar	to look at
decir	to say
hablar	to speak
comer	to eat
beber	to drink
dormir	to sleep
vivir	to live
trabajar	to work
estudiar	to study
leer	to read
escribir	to write
escuchar	to listen
saber	to know (a fact)
conocer	to know (a person)
poder	to be able to
querer	to want
necesitar	to need
gustar	to like
amar	to love
pensar	to think
creer	to believe
buscar	to look for
encontrar	to find
abrir	to open
cerrar	to close
empezar	to begin
terminar	to finish
comprar	to buy
vender	to sell
pagar	to pay
llegar	to arrive
salir	to go out
entrar	to enter
volver	to come back
esperar	to wait
ayudar	to help
jugar	to play
correr	to run
caminar	to walk
nadar	to swim
cantar	to sing
bailar	to dance
cocinar	to cook
dar	to give
tomar	to take
poner	to put
llamar	to call
preguntar	to ask
responder	to reply
entender	to understand
aprender	to learn
olvidar	to forget
recordar	to remember
perder	to lose
ganar	to win
sentir	to feel
